id;pan;balance;status;created_at;updated_at
1;inasmuchXXXXXXXX;29794;CLOSED;2026-10-05T19:05:19;2026-10-06T05:07:19
2;provided subtrac;30025;CLOSED;2026-10-05T22:22:37;2026-10-05T10:35:20
3;misspend disarmX;25854;CLOSED;2026-10-06T06:15:00;2026-10-06T04:45:24
4;drat flameXXXXXX;28891;BLOCKED;2026-10-05T18:15:43;2026-10-05T10:21:15
5;when unaccountab;12108;BLOCKED;2026-10-05T16:49:21;2026-10-05T12:16:20
6;crankXXXXXXXXXXX;3191;ACTIVE;2026-10-05T13:04:31;2026-10-06T07:30:30
7;physically helpl;21035;BLOCKED;2026-10-05T11:31:07;2026-10-05T10:23:27
8;whoXXXXXXXXXXXXX;4297;ACTIVE;2026-10-05T14:58:57;2026-10-05T17:56:21
9;kit crazy aboveX;19573;BLOCKED;2026-10-05T10:02:47;2026-10-05T20:35:17
10;trebleXXXXXXXXXX;16272;ACTIVE;2026-10-06T02:12:54;2026-10-05T20:48:24
