id;pan;type;expire_date;full_name;pinfl;phone_number;status;created_at
1;lest finallyXXXX;HUMO;2026-10-05;formal;analogyXXXXXXX;yowza courageous;ACTIVE;2026-10-04T19:45:33
2;squid bahXXXXXXX;UZCARD;2026-10-05;starboard first ack;carp barring u;mysteriously;EXPIRED;2026-10-04T12:15:57
3;instead pricey t;HUMO;2026-10-05;familiarize illusion if;lustrous redev;vacantly bah come;BLOCKED;2026-10-05T09:26:34
4;plan allegationX;UZCARD;2026-10-04;instantly;sanity atXXXXX;meager;BLOCKED;2026-10-04T19:18:58
5;yowza nauseateXX;UZCARD;2026-10-05;tough whenever;swill mathemat;since alongside;EXPIRED;2026-10-04T14:05:19
6;yuck wobbly cost;HUMO;2026-10-04;mystify;yet sway withi;frequent;EXPIRED;2026-10-04T12:31:36
7;muffled next bli;UZCARD;2026-10-04;amidst;gently rosin m;yahoo siege;EXPIRED;2026-10-04T23:36:27
8;athwart incident;UZCARD;2026-10-04;webbed whether;absentmindedly;hoof;ACTIVE;2026-10-04T20:45:32
9;versionXXXXXXXXX;HUMO;2026-10-04;aha briskly shakily;disappointment;behind since;ACTIVE;2026-10-05T07:40:12
10;uh-huh consequen;HUMO;2026-10-05;entomb;asideXXXXXXXXX;state;BLOCKED;2026-10-04T21:21:32
